function toISOString() { [native code] },person,0.93

function toISOString() { [native code] },person,0.93

function toISOString() { [native code] },person,0.93

function toISOString() { [native code] },person,0.93

function toISOString() { [native code] },person,0.93

function toISOString() { [native code] },person,0.93

function toISOString() { [native code] },person,0.93

function toISOString() { [native code] },person,0.93

function toISOString() { [native code] },person,0.93

function toISOString() { [native code] },person,0.93

function toISOString() { [native code] },person,0.93

function toISOString() { [native code] },person,0.93

function toISOString() { [native code] },person,0.93

function toISOString() { [native code] },person,0.93

function toISOString() { [native code] },person,0.93

function toISOString() { [native code] },person,0.93

function toISOString() { [native code] },person,0.93

2026-08-06T06:57:58.010Z,person,0.93

2026-08-06T07:00:43.167Z,person,0.93

2026-08-06T07:06:55.870Z,person,0.93

2026-08-06T07:07:06.771Z,person,0.93

2026-08-06T07:10:02.987Z,person,0.93

2026-08-06T07:10:15.867Z,person,0.93

